method,step,tokens,responses,student_eos_logp_151643,student_eos_logp_151645,eos_logp_gap_teacher_minus_student_151643,eos_logp_gap_teacher_minus_student_151645,topk_overlap_fraction,eos_gap_mean
T0,1,23390,32,-33.806053602211286,-39.17630068621207,0.3317839295092481,1.090666093510875,0.8933907461018581,0.7112250115100616
T0,2,23452,32,-34.143277922202024,-39.592395158752716,0.3520190960186121,1.2482077608642745,0.8963614852742218,0.8001134284414433
T0,3,23868,32,-34.18150943013238,-39.99646494578194,0.5026469839584174,1.4782930545068402,0.8976679881134084,0.9904700192326288
T0,4,26544,32,-33.71624452001435,-39.550514096495036,0.35512236854698087,1.225346921366048,0.8989372166623645,0.7902346449565144
T0,5,27469,32,-34.00292863630225,-39.64593517528157,0.39571052222696457,1.3298923334694523,0.9006148550784594,0.8628014278482085
T0,6,26953,32,-33.95594518599437,-39.756414797891175,0.45037262176036996,1.3948836784203948,0.9003802722331916,0.9226281500903823
T0,7,26186,32,-33.863033123507286,-39.65599294391114,0.5030079590102472,1.4214598691272091,0.8981207320582582,0.9622339140687282
T0,8,27194,32,-34.03820433879307,-40.17325000098853,0.5244473909519872,1.5485264753447254,0.900363296081599,1.0364869331483564
T0,9,26401,32,-33.911968043363345,-39.83687733475521,0.7167151470508708,1.8082947139295151,0.9000408881047265,1.262504930490193
T0,10,25977,32,-34.40378531256169,-40.86549116163274,0.8154804837177343,2.026922174187624,0.8969730721518375,1.4212013289526793
T0,11,26554,32,-34.42316970881222,-40.35132522189343,0.8611008412886287,2.023232505854429,0.898222847150115,1.442166673571529
T0,12,23305,32,-35.08703134181136,-41.88004020704568,1.2067518240391146,2.5935145190349904,0.8880381698998495,1.9001331715370524
T0,13,26180,32,-34.6745095397244,-40.58611963708019,1.2723495637122868,2.569745003360306,0.8950408518026925,1.9210472835362964
T0,14,24160,32,-34.85232793866404,-40.873241607221495,1.4060921980055752,2.8679354622357205,0.8890194345956409,2.137013830120648
T0,15,22132,32,-35.654417156806886,-42.075257703767136,1.8838988285523177,3.625201607967833,0.8848608159863257,2.7545502182600754
T0,16,24985,32,-35.654778479880896,-42.73513987220941,2.0020111561107807,3.7808991425012097,0.8875585159564557,2.8914551493059952
T0,17,27240,32,-34.79039879310849,-40.36514501013005,1.7103138651266672,3.2887363823893057,0.8883747973684468,2.4995251237579863
T0,18,21761,32,-37.22700953874719,-45.296557967255914,3.081856855086821,5.538235350210892,0.8769040753323061,4.310046102648856
T0,19,25889,32,-36.52261945939689,-43.31601992685483,2.7191290425335186,4.911860972783891,0.8766116693689587,3.8154950076587046
T0,20,20063,32,-37.73685648110597,-45.1101116785492,3.8231535233582847,6.58520640039591,0.8672022937529585,5.204179961877097
T0,21,24867,32,-36.91704525504425,-43.789832062639405,3.625424299356316,6.193419125216372,0.8725330571718874,4.909421712286344
T0,22,25378,32,-37.242325160884626,-45.535360594471705,3.8678723489790063,6.852549344226381,0.8743328678397676,5.360210846602694
T0,23,24019,32,-39.064968590395125,-47.71188108146641,4.978708278567543,8.541126584092995,0.8624892603487956,6.759917431330269
T0,24,22425,32,-39.871254023506225,-49.406602256544986,5.709092433763587,9.780008106814641,0.8562737828664224,7.744550270289114
T0,25,26220,32,-39.12515680871785,-47.524949700211614,5.765428730079366,9.497224616697647,0.8536014305439037,7.631326673388506
T0,26,24780,32,-40.41940659626152,-50.07053979560808,6.846963856237564,11.317851759315054,0.8423696343178911,9.08240780777631
T0,27,27045,32,-41.01274102969671,-50.25932408766398,7.4499646862987055,12.103161776390928,0.8417075055292715,9.776563231344817
T0,28,27755,32,-41.71073964084081,-51.87814127969138,7.901606673589592,12.92954615001874,0.8394166629587642,10.415576411804167
T0,29,24967,32,-43.390438421356876,-54.21710403549821,9.45442449430129,15.138222589215895,0.8103208047877853,12.296323541758593
T0,30,24095,32,-44.07749890835856,-55.8968307033179,10.064549354716291,16.226993572222444,0.8076231395420284,13.145771463469368
T0,31,27350,32,-43.93465781126423,-55.968678343226024,10.48945818027587,16.9536339510207,0.8050420286698468,13.721546065648283
T0,32,25858,32,-45.24978932505261,-56.83178154111027,11.43981000668802,17.959317980424395,0.795485710969094,14.699563993556207
T0,33,25863,32,-45.81846215493284,-57.96039910092845,12.082400967588706,19.005051495528676,0.7806395050238343,15.54372623155869
T0,34,23266,32,-46.709992832015615,-59.22441875449957,12.776081435342016,20.012914412603518,0.7498125840919306,16.394497923972768
T0,35,23143,32,-47.08259453843758,-59.44859716734057,13.118008769269853,20.114890162715547,0.7324007081983156,16.6164494659927
T0,36,23637,32,-47.585038138115756,-60.799226169505175,13.636322495477092,21.434037354146387,0.7315885931418602,17.53517992481174
T0,37,23536,32,-47.575464017815854,-60.219657367594685,13.676752905388579,20.9218123545381,0.7199128823361804,17.29928262996334
T0,38,22887,32,-48.909957669522676,-61.40065718669718,15.02099153601431,22.415390877195403,0.669713358222226,18.718191206604857
T0,39,25636,32,-48.711347543350676,-62.2358746686981,14.752227929029436,22.558770818467266,0.6924523939466475,18.655499373748352
T0,40,22522,32,-49.73931795004555,-62.6074987588194,15.609207778658307,23.07944516117225,0.6459599348869687,19.344326469915277
T0,41,22651,32,-49.77663705396439,-62.415314517516435,15.691159578144594,23.097342249110515,0.6292216527706598,19.394250913627555
T0,42,25140,32,-49.99958152869626,-62.871056159701446,16.036201370947875,23.54097339895444,0.6364566274378494,19.788587384951157
T0,43,25411,32,-50.00054148052177,-63.09598279851814,16.1214814247833,23.788465604065443,0.6229447729803188,19.954973514424374
T0,44,22399,32,-50.664895670824514,-62.43122666786442,16.82415277616558,23.811722286803853,0.5957913159066089,20.317937531484716
T0,45,22251,32,-50.998749460511185,-62.89849418751223,16.727381748797615,23.049278825311905,0.5765255358364629,19.88833028705476
T0,46,24793,32,-51.19925001292347,-63.24269772784712,16.848594810542153,23.073607270392344,0.5675295313085267,19.96110104046725
T0,47,26098,32,-51.06751582638789,-63.178811946604775,17.073395357066914,23.52058269077611,0.5721836785057653,20.296989023921512
T0,48,25246,32,-51.6061461167697,-63.10243417266242,17.535481767609845,23.853837665556625,0.5630123449946467,20.694659716583235
T0,49,25439,32,-51.31529654254656,-62.844840806408804,17.48983232845389,24.223575432839787,0.5627607083455284,20.85670388064684
T0,50,24677,32,-51.71704450623454,-62.7906150769026,17.34071025136524,22.762485260301,0.5410588679428886,20.05159775583312
T0,51,24085,32,-51.552973451351065,-62.78486470318701,17.44352623454659,23.66788701265612,0.5403686813375985,20.555706623601353
T0,52,26900,32,-51.96309303524769,-63.33118774713144,18.063605650508272,24.18511845646264,0.541735674681689,21.124362053485456
T0,53,26155,32,-51.55104269305918,-62.84619727286434,18.054087134980946,24.28722475679979,0.5364224684757454,21.170655945890367
T0,54,24050,32,-52.34783840464951,-63.39064036276261,18.287480574348116,23.688902769457247,0.5168702579167306,20.988191671902683
T0,55,23529,32,-52.43778000853126,-63.11819767879036,18.30160026885897,23.716397191261763,0.5102154663607394,21.008998730060366
T0,56,23214,32,-52.41249658595769,-63.467871604765705,18.129463372452783,23.136342026454646,0.5082794742457658,20.632902699453716
T0,57,22768,32,-52.50994771174453,-62.936872850934975,18.674593806601877,24.07207114428929,0.4947254800475618,21.373332475445583
T0,58,25232,32,-52.61893101220805,-63.10859556002596,18.501342469480267,23.699808493134164,0.5068936150127723,21.100575481307217
T0,59,25440,32,-52.93470622586005,-63.455658132499835,18.918953506976553,23.922205964182695,0.49965997224639946,21.420579735579622
T0,60,25620,32,-52.27120049761014,-63.25541933944958,18.12610732584052,23.391478097700617,0.5090905418689308,20.758792711770568
T0,61,26477,32,-52.09213365184607,-62.95878435065599,18.318956028763637,23.604042581602236,0.5041273438120957,20.961499305182937
T0,62,23792,32,-53.058321052336744,-63.5446608291176,19.01852594800018,24.243370098245617,0.4859919182922711,21.630948023122897
T0,63,24295,32,-52.746459186064854,-63.40742216536417,18.945543446906875,23.962577186846488,0.5021485781390239,21.45406031687668
T0,64,22880,32,-52.90596306636617,-63.23846598507237,18.820289576178663,23.758343574859587,0.4907945684640883,21.289316575519123
T0,65,25376,32,-52.91563929784644,-63.157942418787925,18.773393352237655,23.583006849182766,0.4842126302500073,21.17820010071021
T0,66,27794,32,-53.067595335633804,-63.53957798185529,19.103441852901174,23.956876545644327,0.49160249224027114,21.530159199272752
T0,67,22419,32,-53.01154679404279,-62.701684293028904,18.856654115320662,23.442547604924524,0.46331414178653874,21.149600860122593
T0,68,28603,32,-53.37846101952846,-63.078021080968206,19.560931900124974,24.418146543611854,0.47079990475687916,21.989539221868412
T0,69,24450,32,-53.28778103760171,-63.16414725425492,19.221870860195356,23.430466393443012,0.4724658371713051,21.326168626819182
T0,70,24672,32,-53.393155403560854,-63.221833330170035,19.209673099016864,23.208986429300833,0.4709865320073779,21.20932976415885
T0,71,27350,32,-53.38603328771086,-63.40558050234353,19.3440963299488,23.720651544594453,0.4737630598144214,21.53237393727163
T0,72,26946,32,-53.62961376811387,-63.21510018161364,19.636806550256342,23.82608552488488,0.474967330619267,21.731446037570613
T0,73,25316,32,-53.17723892401474,-63.647994050027215,19.042329454708295,23.386368436965213,0.48032349907023647,21.214348945836754
T0,74,23694,32,-53.698984091781185,-63.32917930744678,19.468442495295676,23.428185003394123,0.46577529047485405,21.448313749344898
T0,75,27240,32,-53.52956448259508,-62.74787774292282,19.409997536432375,23.6113678094236,0.4642866993653923,21.510682672927988
T0,76,25634,32,-52.99043551385705,-62.95191471531053,18.870277327997147,23.030142971284008,0.47456111816046015,20.950210149640576
T0,77,26615,32,-53.609228104056214,-63.102912974992904,19.530636056974913,23.976605744475474,0.4632661919489366,21.753620900725195
T0,78,23401,32,-53.445938153305825,-63.202314896246,19.121766392091754,23.2896610512025,0.46385580683890776,21.20571372164713
T0,79,27832,32,-52.925661410707,-62.81247105694376,19.199083736005203,24.00294545915788,0.47190930151061233,21.60101459758154
T0,80,25542,32,-53.134208509462965,-62.50625970703557,19.09694151571816,23.14647443417532,0.4635506112060822,21.12170797494674
T0,81,27779,32,-53.24640476050072,-62.94378316478458,19.42367310003704,23.95810416200593,0.4626318329901019,21.690888631021487
T0,82,24353,32,-53.85319898139572,-63.27496221938233,19.54357928365857,23.01923058747989,0.4572142949956918,21.281404935569228
T0,83,26413,32,-53.81350537073615,-63.498545326557945,19.846617899311852,23.99478268873931,0.46089197380743063,21.92070029402558
T0,84,23239,32,-53.70538033970847,-63.15150022280969,19.230305556909542,22.81992834796914,0.47108523337603864,21.02511695243934
T0,85,21863,32,-53.31842657150389,-62.96230769394627,19.019147781932507,22.729923418125818,0.4611846386015685,20.874535600029162
T0,86,25142,32,-53.92038208032392,-62.9564030392769,19.82748510220978,24.28186052735182,0.45416075580631665,22.0546728147808
T0,87,23572,32,-53.8012003018256,-63.13032717490691,19.70370907607921,23.846185665247397,0.4522331468507315,21.774947370663305
T0,88,25656,32,-53.742973849971904,-63.05312930335765,19.30550441178422,22.741826154685665,0.46307529268287106,21.02366528323494
T0,89,24139,32,-53.371096286941984,-62.85905074850021,19.030451269255266,22.882832897339714,0.46530633923566805,20.95664208329749
T0,90,22501,32,-53.77395902369363,-63.050527333526304,19.06773272730881,22.33743891031285,0.45700234413989016,20.70258581881083
T0,91,22870,32,-53.7042991968029,-62.80587354466521,19.21254753488925,22.27062214881984,0.46280628512220506,20.741584841854547
T0,92,21845,32,-53.366228099883244,-62.969142444857454,18.75563703647438,21.975043432531752,0.4647250973029264,20.365340234503066
T0,93,28916,32,-53.12975155543714,-62.975844265417855,19.102846500668754,23.164406273697946,0.4709634690759746,21.133626387183348
T0,94,24476,32,-53.68723730928739,-62.82013928112245,19.356612065703793,23.05224121341737,0.45024553564337405,21.20442663956058
T0,95,22901,32,-53.6700804104769,-63.15886667446713,19.247177369552617,22.880856069969045,0.4600047920585527,21.06401671976083
T0,96,26948,32,-53.625259453701446,-63.13644969107988,19.517181329598355,23.311035551500538,0.45453576141381125,21.414108440549448
T0,97,21606,32,-53.62744268487805,-62.48623130880742,19.344635309295104,23.160805624083682,0.44711190238743287,21.252720466689393
T0,98,24038,32,-53.36853973864914,-62.28297995660435,19.31486651369573,23.339019724572914,0.45697519471768916,21.32694311913432
T0,99,25434,32,-53.24778259225149,-62.67405562111448,19.129530572437535,22.98928417020921,0.4576869432826796,21.059407371323374
T0,100,24864,32,-53.745552721247556,-62.9643880096121,19.47948676378417,22.680966830014235,0.4512479779860538,21.080226796899204
T1,1,23390,32,-33.806053602211286,-39.17630068621207,0.3317839295092481,1.090666093510875,0.8933907461018581,0.7112250115100616
T1,2,24072,32,-34.25495111581771,-39.70505068193264,0.32913596989031685,1.2167492039853742,0.8964680767664237,0.7729425869378456
T1,3,23060,32,-34.23845512674667,-39.95644461912689,0.4815140342877827,1.4742884272657084,0.8967697118055996,0.9779012307767456
T1,4,26947,32,-33.656167933258466,-39.2330261229604,0.326887010125657,1.1038948455718174,0.8976947145263715,0.7153909278487371
T1,5,27297,32,-33.849821724943894,-39.13472827020457,0.2918680512949229,1.097519138442848,0.902547146525209,0.6946935948688855
T1,6,27394,32,-33.953639050996365,-39.913790214886355,0.2843565104294408,1.1394072841539886,0.9008227882680644,0.7118818972917147
T1,7,26683,32,-33.793432885129846,-39.55316353969441,0.30054669765653547,1.079733094451128,0.8974031962079319,0.6901398960538317
T1,8,26040,32,-33.883449146092026,-39.86080576797511,0.3574683529257591,1.2506908376634045,0.9001923768917033,0.8040795952945818
T1,9,26069,32,-33.583953209395986,-38.98328003644332,0.4644390542852238,1.3710588478442716,0.9032448305607967,0.9177489510647476
T1,10,24577,32,-34.08909411208597,-40.29471361942256,0.49431276629899185,1.421128329339314,0.8965927300938424,0.957720547819153
T1,11,27999,32,-33.92271666276616,-39.45024633275743,0.431091520725742,1.2489284720031282,0.9012864551837668,0.8400099963644351
T1,12,23753,32,-34.39798611586447,-40.79400729334686,0.7308366025758383,1.7383586495898034,0.8951631177382856,1.2345976260828209
T1,13,25450,32,-34.071946069533794,-39.650176399645346,0.6176416154273132,1.4814791619066836,0.8969980161720502,1.0495603886669984
T1,14,24861,32,-34.19680174777746,-39.81667720275718,0.6756614304371417,1.6880325910209308,0.8978721497387184,1.1818470107290362
T1,15,22766,32,-34.718026658599136,-40.556105444802974,0.9214369974016546,2.084628702276616,0.8920095564080313,1.5030328498391352
T1,16,24570,32,-34.544072667961444,-40.61400554163804,1.071897969694219,2.166619595451543,0.8950630659379268,1.619258782572881
T1,17,26017,32,-33.84153055995342,-38.836631189125235,0.7289018487657212,1.6354974557909698,0.8937901950719406,1.1821996522783456
T1,18,21477,32,-35.57936849308596,-42.54183445172426,1.4789788095668113,2.9452433376800053,0.8900349019442645,2.2121110736234084
T1,19,26086,32,-34.810064384087845,-40.64809225537383,1.189944358231383,2.418559154706141,0.8886482980384204,1.804251756468762
T1,20,20247,32,-35.56261519144133,-41.636367211471764,1.660024643321152,3.1463508616696827,0.8827712557054057,2.4031877524954175
T1,21,25007,32,-34.6143209505678,-40.0835817575889,1.4974286842170765,2.837962227974842,0.8882800626716386,2.1676954560959594
T1,22,26026,32,-34.92555429903759,-41.916675878595484,1.5224110205314751,3.079000554242592,0.8972765499582658,2.3007057873870336
T1,23,24220,32,-35.96981179948487,-43.09891658985906,1.8515481574785404,3.604676586909887,0.8888653809409266,2.7281123721942135
T1,24,23173,32,-36.15942940835233,-43.62266350364394,2.0569036302108477,3.9916321183664905,0.8877840397535214,3.024267874288669
T1,25,25891,32,-35.39694613179401,-41.80236931362607,1.9881372745350814,3.6555805364845866,0.8865594030736491,2.821858905509834
T1,26,25345,32,-35.99679095354229,-43.15191958358715,2.3675083255974774,4.3554075991451535,0.8868526147770727,3.3614579623713157
T1,27,25866,32,-35.70565452581583,-42.12008287099752,2.2695577894001544,4.084390319946344,0.8868344353475491,3.1769740546732494
T1,28,28092,32,-36.120855979696735,-43.158685875052726,2.398493468379526,4.391452781822525,0.8847386967202469,3.394973125101026
T1,29,24989,32,-36.67019006444501,-43.81987723751492,2.9217550157952066,5.124685729458792,0.8749097414662693,4.023220372627
T1,30,24187,32,-37.24919078271899,-45.478363657421035,3.264955408729783,5.7747781535840055,0.8755732228886363,4.519866781156894
T1,31,26940,32,-36.411320306145,-44.03489399994895,3.1122173334106127,5.556177692526549,0.8787052520305338,4.334197512968581
T1,32,25315,32,-37.21896187753845,-44.784188067252,3.632102525391975,6.269611640197382,0.8732968410884301,4.950857082794679
T1,33,25258,32,-37.715912425552965,-45.95904277532579,4.0062360726547634,6.908968260290174,0.8703669935378725,5.457602166472469
T1,34,23350,32,-38.61173141209931,-47.076809396374884,4.744041222729571,7.977414713366976,0.8586299598338262,6.360727968048273
T1,35,22676,32,-38.92635111018955,-47.36079711164641,5.062187884635744,8.364469313433043,0.8542670475942976,6.713328599034393
T1,36,23486,32,-38.967337567974965,-47.675606296806386,5.254564276507407,8.818319476201292,0.8576798757891441,7.03644187635435
T1,37,22980,32,-39.44389112595375,-48.506238144777775,5.549303684865422,9.258683801605079,0.8485830970555933,7.403993743235251
T1,38,24061,32,-40.62212406753141,-49.745695086384636,6.8141375863885525,11.000319827195543,0.8383761916214686,8.907228706792047
T1,39,26112,32,-40.22952077121419,-49.80845066245358,6.473923542043742,10.607052892193462,0.8467934096383853,8.540488217118602
T1,40,23231,32,-41.20080159016418,-51.02377446419395,7.5071393703040155,12.159208733134712,0.8261060463125474,9.833174051719364
T1,41,23049,32,-42.62402942716555,-53.208032255921175,8.600754245604303,13.960414096069506,0.8193244638819359,11.280584170836905
T1,42,24810,32,-42.484170587886396,-52.911031429467165,8.756544029592554,14.089902816152566,0.8178564907111309,11.42322342287256
T1,43,26153,32,-42.72589868600886,-53.73337146950144,9.024963967965054,14.651143513680955,0.8127411581285003,11.838053740823003
T1,44,22875,32,-43.954756379174405,-54.244554683559485,10.20253565128514,15.875541224817786,0.7908314570564715,13.039038438051463
T1,45,22366,32,-45.34696667268772,-57.277677071974594,11.148776969681121,17.543289645894703,0.7845640519673364,14.346033307787913
T1,46,24351,32,-45.39568131088765,-57.4938545992263,11.31046425424353,17.73578811226287,0.7790065932913212,14.5231261832532
T1,47,26332,32,-45.232785520158096,-57.76092007314029,11.273994625511094,18.027930538461916,0.7847250305910128,14.650962581986505
T1,48,25643,32,-45.72178897278239,-57.512729747765526,12.047204362952346,18.73296557668977,0.7772343142422053,15.390084969821059
T1,49,25925,32,-45.94312274252322,-57.13206565914811,12.093875946368637,18.64237708958592,0.7717299719624717,15.368126517977279
T1,50,23507,32,-46.99958126463914,-59.45769288570678,12.822907134737786,19.699404676759833,0.748805869628856,16.261155905748808
T1,51,24184,32,-47.03982268387696,-59.21977707305086,13.038917310893279,20.24214916566486,0.7469095088374529,16.64053323827907
T1,52,26239,32,-46.96619100565954,-58.96324078673461,13.385788474087853,20.507833843261807,0.7425713453080816,16.94681115867483
T1,53,26148,32,-46.893606673983676,-59.138950021995406,13.506648153454153,20.7500615869281,0.7464394803240574,17.128354870191128
T1,54,24470,32,-48.54471112061482,-61.433980654137336,14.401901948193798,21.692309405114433,0.7165704772162544,18.047105676654116
T1,55,23671,32,-48.63836470734438,-61.25483025484587,14.642980349944686,22.069817453934196,0.7027501838257278,18.356398901939443
T1,56,23022,32,-48.5332873769188,-61.743906915035154,14.272322945275405,21.651280643664286,0.6934618893649936,17.961801794469846
T1,57,23893,32,-48.71197125262405,-61.08171825596651,14.993411246237358,22.393977937211456,0.6889779265912771,18.69369459172441
T1,58,24611,32,-48.95813716361274,-61.29776343281033,14.929751127215994,22.096633502716504,0.6888773148274471,18.513192314966247
T1,59,25610,32,-49.20351050565691,-62.01175773504935,15.54032455025032,23.156040375215817,0.6770827638592654,19.348182462733067
T1,60,25385,32,-48.90320177429512,-61.95432043179707,15.02893810433761,22.633970450495447,0.6773251758290718,18.83145427741653
T1,61,25090,32,-48.533069354255346,-61.521922042962935,15.00719087379489,22.757525574132664,0.678145061343932,18.882358223963777
T1,62,22954,32,-49.57444228471193,-62.33000773111181,15.729971696807603,23.28401456933462,0.6499394286017214,19.506993133071113
T1,63,24578,32,-48.958885556522965,-61.906391222569276,15.464010441193638,22.99423260853863,0.6708283669854338,19.229121524866134
T1,64,22642,32,-49.671514166063794,-62.14000460601958,15.756497420351494,23.056007773398548,0.6509583803230551,19.40625259687502
T1,65,25101,32,-49.61488210424988,-61.9945498957858,15.64071653464948,22.98898828633222,0.6450193065414271,19.31485241049085
T1,66,26389,32,-49.599274960205314,-62.032524170676695,16.095819603584143,23.51868173942126,0.6505536240556565,19.8072506715027
T1,67,21434,32,-50.078683017649915,-61.675999299207476,16.161495736789444,22.970087319414766,0.6020639959273998,19.565791528102103
T1,68,26498,32,-50.186060931585594,-61.748800904872745,16.57243043516742,23.607953835905736,0.6141682245347336,20.090192135536576
T1,69,23465,32,-49.958858585174774,-62.320028967051,16.120284652303535,23.109434872994356,0.6123447541435619,19.614859762648948
T1,70,24384,32,-50.13283384581563,-62.34203708478195,16.24478416203514,23.073393192683238,0.6054433091336451,19.659088677359186
T1,71,25776,32,-49.94643912239152,-62.52388285285064,16.180790164247203,23.581150013647946,0.6190487129028718,19.880970088947574
T1,72,25649,32,-50.287763993425614,-62.31974873254565,16.45956967269158,23.369510954052245,0.610296293354726,19.914540313371912
T1,73,25396,32,-49.902686984956986,-62.80054551354344,16.106568939949813,23.26037879189967,0.6124759661507552,19.68347386592474
T1,74,23775,32,-50.61967964292701,-62.6445212548611,16.588750844127123,22.985822919496616,0.5869564530444571,19.78728688181187
T1,75,25919,32,-50.45689415189374,-61.6006214656884,16.57656986821309,22.92102009415153,0.5778097012460592,19.74879498118231
T1,76,25627,32,-49.88111728147668,-62.31177850810991,15.85623324557929,22.51191428195362,0.5935665367071374,19.184073763766456
T1,77,25693,32,-50.60825987385176,-62.22492741545478,16.714137529837814,23.55061509909185,0.5848958721091594,20.132376314464832
T1,78,22246,32,-50.59488580990618,-62.36809845479921,16.372610003337535,22.660334829511577,0.5672637642273559,19.516472416424556
T1,79,26627,32,-49.90893074859701,-61.824245730462685,16.18222996449593,23.092726326201443,0.5847151249025396,19.637478145348688
T1,80,24058,32,-50.45948561873655,-61.701317876195446,16.51914147889092,22.576194619625795,0.568437096879217,19.547668049258355
T1,81,27426,32,-50.29106672192823,-61.6981291005039,16.801055694212323,23.42233784133648,0.5747611619380522,20.1116967677744
T1,82,23839,32,-51.04268322329408,-62.792704594187285,17.002199103525307,22.917862243198215,0.5534682531364362,19.96003067336176
T1,83,26574,32,-50.80982226450502,-62.69959988364366,17.003376130389515,23.363630682126676,0.5603868308596752,20.183503406258097
T1,84,22382,32,-50.859075075435356,-62.29681353844913,16.544984403942067,22.206006312475107,0.5710146410716793,19.37549535820859
T1,85,21039,32,-50.64569899992682,-62.45703474268574,16.41945934173266,22.292525589321276,0.5512804660465043,19.355992465526967
T1,86,25602,32,-51.04230060246613,-62.19780154631429,16.916474682066127,23.411177161205387,0.5512252817518701,20.163825921635755
T1,87,22858,32,-50.916213205891424,-61.77945217820854,16.88277957241036,22.846423334709183,0.5456811489157789,19.86460145355977
T1,88,25174,32,-50.56408626928865,-62.11733287336311,16.327804419048597,22.007262984129436,0.5523238130846979,19.167533701589015
T1,89,23789,32,-50.45435078831898,-62.143898318744284,16.417825222115603,22.511798279889714,0.5534406527992736,19.464811751002657
T1,90,21014,32,-51.1908473899524,-62.1808949610618,16.616263414820242,21.760754334969114,0.5358498967943607,19.18850887489468
T1,91,22209,32,-50.87807757941739,-62.024597216484686,16.518123872073254,21.907360848358064,0.5530591069450334,19.212742360215657
T1,92,22398,32,-50.69788146868424,-62.435830957016854,16.268428071586882,21.890291904328326,0.5568742612677021,19.079359987957602
T1,93,28144,32,-50.05592577616012,-62.29518655225654,16.182726112599397,22.59912075882406,0.563699887052333,19.390923435711727
T1,94,22288,32,-51.12980140350914,-62.18267359224117,16.994371142989856,22.72941003597212,0.5376157445143788,19.861890589480986
T1,95,23540,32,-50.58597436433337,-62.24264428394066,16.485474520774847,22.41385392345403,0.5480717794331916,19.44966422211444
T1,96,25484,32,-50.63785077503535,-61.92515800156336,16.63808287445557,22.465450925249545,0.5473241903588908,19.55176689985256
T1,97,22040,32,-51.35308065232694,-61.744072543919515,17.09186969755349,22.716169628579156,0.5272508947925808,19.90401966306632
T1,98,23610,32,-51.106240657627055,-61.914775254804674,16.97507101096929,22.80899568713033,0.5266848667294785,19.89203334904981
T1,99,24124,32,-50.428536704475654,-61.9611727561951,16.328728146111068,22.269519747145594,0.5545303300091025,19.29912394662833
T1,100,24142,32,-50.86147077685411,-62.11451040954356,16.729451472456457,22.193790509046938,0.5327408537663666,19.461620990751697
T0+UL,1.0,23390.0,32.0,-33.806053602211286,-39.17630068621207,0.3317839295092481,1.090666093510875,0.8933907461018581,0.7112250115100616
T0+UL,2.0,23493.0,32.0,-34.204235731360406,-39.9349792328341,0.337945920979693,1.2775691154879747,0.8978431681657474,0.8077575182338339
T0+UL,3.0,23022.0,32.0,-34.33312461560736,-40.30885159389227,0.4707898487173582,1.4509987347981266,0.8961553973975972,0.9608942917577423
T0+UL,4.0,26921.0,32.0,-33.68541578521904,-39.28330657718583,0.3248527749749076,1.123582712700812,0.8999308895598256,0.7242177438378599
T0+UL,5.0,27565.0,32.0,-33.91644823270507,-39.352940622733485,0.33659831274881263,1.2256121260625714,0.9001255017504401,0.781105219405692
T0+UL,6.0,27242.0,32.0,-33.78595890224124,-39.401678045935746,0.3439031316271158,1.1917149243972889,0.9012990775577263,0.7678090280122023
T0+UL,7.0,26973.0,32.0,-33.89359557478808,-39.760783969732664,0.3613564263186368,1.2058463707085205,0.8973243421071578,0.7836013985135787
T0+UL,8.0,26872.0,32.0,-33.9758018599837,-39.90034737645494,0.45059817786300493,1.4024644175970642,0.9002165630624479,0.9265312977300346
T0+UL,9.0,25351.0,32.0,-33.859400379075126,-39.5689286582564,0.5301388493797811,1.5336220975958874,0.897701057487556,1.0318804734878342
T0+UL,10.0,25601.0,32.0,-34.03362486298292,-40.074788787254164,0.5559397265667199,1.5629878138713753,0.8933932076883366,1.0594637702190477
T0+UL,11.0,26253.0,32.0,-34.170424893102805,-39.74057582771637,0.5938983002249519,1.5038769834930088,0.8967249265265357,1.0488876418589803
T0+UL,12.0,23776.0,32.0,-34.61672120716819,-41.04896701561508,0.8127612619990455,1.8715075395396112,0.8920499471659881,1.3421344007693283
T0+UL,13.0,25689.0,32.0,-34.3521826839228,-40.01369860512797,0.841831839420132,1.8613001980635644,0.8942484918295435,1.3515660187418481
T0+UL,14.0,24772.0,32.0,-34.11256647117685,-39.6920701948954,0.8559413235733818,1.9319913848283667,0.8912489714663991,1.3939663542008742
T0+UL,15.0,20676.0,32.0,-35.11960285700228,-41.292871833792844,1.254912046750571,2.61412012029804,0.8864639969389474,1.9345160835243056
T0+UL,16.0,24793.0,32.0,-34.87990703812787,-41.312943737844684,1.2853472153483578,2.5478799215748045,0.8904025138731093,1.9166135684615813
T0+UL,17.0,26107.0,32.0,-33.928754574666144,-38.89830166522323,0.9287155554798419,1.979488841851316,0.8898908144865002,1.4541021986655789
T0+UL,18.0,22154.0,32.0,-35.787971400155634,-42.990525290421,1.8416426332244225,3.492047237975902,0.8831944375546861,2.666844935600162
T0+UL,19.0,26115.0,32.0,-35.13467261993449,-41.20074303141034,1.517511286873391,2.9096584727008357,0.8821240475035743,2.2135848797871134
T0+UL,20.0,19787.0,32.0,-36.51992559758313,-43.40620890808957,2.347931582045578,4.228158055561294,0.8728589287287811,3.288044818803436
T0+UL,21.0,25668.0,32.0,-35.19055709367752,-40.85932213177786,2.053414332601016,3.6750178713562085,0.8805107339727246,2.864216101978612
T0+UL,22.0,26019.0,32.0,-35.577573912484304,-42.87254605814401,2.1278278968139848,3.9907604754323205,0.8854848189115,3.059294186123153
T0+UL,23.0,22956.0,32.0,-36.97373886190655,-44.29344065668687,2.9238963422511053,5.1318563051927395,0.8750039013227606,4.027876323721922
T0+UL,24.0,22388.0,32.0,-37.36523226565371,-45.32777047413005,3.2812002002074716,5.836064637437185,0.871861692603191,4.558632418822328
T0+UL,25.0,26268.0,32.0,-36.76167626320653,-43.865745683007596,3.2518394018791574,5.4894905533298965,0.8696604043347992,4.370664977604527
T0+UL,26.0,24699.0,32.0,-37.42807957973455,-45.196542452378246,3.8263979688666265,6.4691757209188445,0.8634665183583609,5.147786844892735
T0+UL,27.0,26415.0,32.0,-37.290476636292695,-44.58182482346427,3.9184139993275156,6.518435498423191,0.865230342683446,5.2184247488753535
T0+UL,28.0,28102.0,32.0,-37.85053447902979,-45.614332237255375,4.178930042630099,7.00443016060973,0.8629698766460804,5.5916801016199145
T0+UL,29.0,25544.0,32.0,-39.349755359076795,-47.79517745349621,5.569198979280079,8.972557761675818,0.8436916504701908,7.2708783704779485
T0+UL,30.0,24040.0,32.0,-39.833892549968596,-49.10160271922437,5.861281765320535,9.555414797462655,0.8431035586163252,7.708348281391595
T0+UL,31.0,27292.0,32.0,-39.28786932938123,-48.21875118575973,5.977128882116714,9.7391750869739,0.8420727498895976,7.858151984545307
T0+UL,32.0,25611.0,32.0,-40.38330539769502,-49.2824614666275,6.872162492117633,10.815828083054642,0.8366373637915507,8.843995287586138
T0+UL,33.0,25570.0,32.0,-41.33052481318247,-50.99267206877133,7.678902650914437,12.080457502269232,0.8275725272690639,9.879680076591834
T0+UL,34.0,23226.0,32.0,-42.73712816532397,-53.00033392400958,8.860525659101114,13.885243297084688,0.804080322512828,11.372884478092901
T0+UL,35.0,22344.0,32.0,-43.356732631301604,-53.36422602664505,9.364688144121125,14.224167316381928,0.7914943426131876,11.794427730251527
T0+UL,36.0,23638.0,32.0,-43.88379751017114,-54.920511552027236,10.077736854553223,15.787294860122891,0.792726523781638,12.932515857338057
T0+UL,37.0,23226.0,32.0,-44.22580690387196,-55.0614468634962,10.438897513300322,15.965543783987757,0.7820132427861627,13.20222064864404
T0+UL,38.0,23979.0,32.0,-46.0018364618248,-56.91348925503325,12.373742319494665,18.47702890912199,0.7501234236792854,15.425385614308329
T0+UL,39.0,25532.0,32.0,-45.53608228964957,-57.15577474919648,11.715499752650679,17.815829231265212,0.7702318478053803,14.765664491957946
T0+UL,40.0,22780.0,32.0,-47.29480334487895,-59.2593345007912,13.45926495209611,20.124886165033207,0.7313748728567318,16.792075558564658
T0+UL,41.0,22889.0,32.0,-47.91586579176112,-59.93714365940361,13.816649606611298,20.540875866065797,0.7141456422871044,17.178762736338548
T0+UL,42.0,24435.0,32.0,-47.83595406267085,-59.8104397724225,14.095159878466353,20.869824344600616,0.708932661678751,17.482492111533485
T0+UL,43.0,25708.0,32.0,-48.40079173192982,-60.81710585980273,14.692500034980423,21.83106987191554,0.6997432537517151,18.26178495344798
T0+UL,44.0,21957.0,32.0,-49.343017645447276,-60.70194717306753,15.500164876811821,22.16316092917208,0.6659197362228301,18.83166290299195
T0+UL,45.0,22313.0,32.0,-50.19207650122529,-62.381318405084585,15.898092925796984,22.495576332339212,0.6493927152005207,19.1968346290681
T0+UL,46.0,24448.0,32.0,-49.869004966154776,-62.10223820656385,15.815164018558894,22.416626718934047,0.6460577398140888,19.11589536874647
T0+UL,47.0,25558.0,32.0,-49.74139106242867,-62.082312091603136,15.861567578896716,22.54250718197395,0.6570533529706419,19.202037380435332
T0+UL,48.0,25027.0,32.0,-50.31758726644865,-61.826322268754076,16.52251187263288,22.993344360268548,0.6360194837000129,19.757928116450714
T0+UL,49.0,24626.0,32.0,-50.36364460971231,-61.80117519434808,16.468158949789487,23.247365369122612,0.6321473089462404,19.85776215945605
T0+UL,50.0,23629.0,32.0,-50.5248388734934,-61.805263184464955,16.399677840606625,22.107433274220945,0.6080908907973195,19.253555557413783
T0+UL,51.0,24321.0,32.0,-50.46845822985012,-61.98338747079255,16.523897934399134,23.04239994984061,0.6084947019890805,19.783148942119873
T0+UL,52.0,26523.0,32.0,-50.82557141859508,-62.21255529098977,17.122889510144187,23.586549356332593,0.6090939792927704,20.35471943323839
T0+UL,53.0,27040.0,32.0,-50.284588261468876,-61.534684165204325,16.91095783008626,23.352451408180357,0.609026982606879,20.13170461913331
T0+UL,54.0,24128.0,32.0,-51.52199510364381,-62.83504137982526,17.51547818498523,23.30456510234688,0.5725464054833559,20.410021643666056
T0+UL,55.0,24163.0,32.0,-51.351767141702666,-62.28817292119984,17.566462495748024,23.22818507204476,0.5676132794676958,20.39732378389639
T0+UL,56.0,22873.0,32.0,-51.53223223868214,-62.594886862390084,17.409769324320727,22.673134815688886,0.559209097812303,20.04145207000481
T0+UL,57.0,24157.0,32.0,-51.63940372155953,-62.07969295223044,17.963643959491673,23.604487384009072,0.5529332981543706,20.784065671750373
T0+UL,58.0,24953.0,32.0,-51.61003174302344,-62.24987591298762,17.716416933720648,23.093929159399778,0.5555448109449086,20.405173046560215
T0+UL,59.0,24151.0,32.0,-52.014867692876074,-62.69953282872712,18.294372010895405,23.64492731873188,0.5418313811215977,20.969649664813645
T0+UL,60.0,24997.0,32.0,-51.56702215375769,-62.51747654053919,17.59289373952627,23.070369633898675,0.550656865723513,20.331631686712473
T0+UL,61.0,25485.0,32.0,-51.33518251696357,-62.11890840731314,17.735592422837108,23.268242919416785,0.550167144058948,20.501917671126947
T0+UL,62.0,23228.0,32.0,-52.03833812498812,-62.4827293192545,18.32991818493238,23.839683435729683,0.5362278155878889,21.084800810331032
T0+UL,63.0,23692.0,32.0,-51.8292666345397,-62.5056659963208,18.1333779228432,23.1368307288699,0.5491511770458831,20.63510432585655
T0+UL,64.0,21731.0,32.0,-51.819525868821025,-61.97361226256248,18.034027967048818,23.094363315232968,0.534314100644167,20.56419564114089
T0+UL,65.0,25286.0,32.0,-52.16419124558013,-62.225434719430446,18.194311224338442,23.070216659803776,0.5341544600525836,20.63226394207111
T0+UL,66.0,26409.0,32.0,-52.09056050137626,-62.438513073636656,18.523121618828224,23.65353317163693,0.5339323586854022,21.088327395232575
T0+UL,67.0,21438.0,32.0,-52.366036487699986,-61.92870081321483,18.430658060197164,23.062610966921948,0.5004631842002002,20.746634513559556
T0+UL,68.0,27694.0,32.0,-52.6377379569696,-61.85905971805153,18.93268371305027,23.709265123154275,0.5070307527404383,21.320974418102274
T0+UL,69.0,23606.0,32.0,-52.389050381896475,-62.03148421383344,18.861837488084106,23.368070017679358,0.5097076890673411,21.114953752881732
T0+UL,70.0,24348.0,32.0,-52.37462966642259,-62.09326948854482,18.493602582694315,22.785552011529393,0.5119184204137021,20.639577297111856
T0+UL,71.0,26243.0,32.0,-52.4195456068195,-62.13196160023121,18.670789555824097,23.158352217133878,0.5142933229541714,20.914570886478987
T0+UL,72.0,26982.0,32.0,-52.697934888059734,-62.16007008479376,19.0052792866742,23.27957415675367,0.5202001208813213,21.142426721713935
T0+UL,73.0,24784.0,32.0,-52.10661766781509,-62.29983331692019,18.294948474755973,22.697697221381105,0.5234296193451298,20.496322848068537
T0+UL,74.0,23146.0,32.0,-52.478592554535915,-61.79251354742899,18.583715485401658,22.544792730123913,0.5052868624271806,20.564254107762785
T0+UL,75.0,25361.0,32.0,-52.17639449199176,-60.944492215449415,18.25300968585013,22.182941585213275,0.502723066766181,20.2179756355317
T0+UL,76.0,26292.0,32.0,-52.0106407818721,-61.77163159352217,18.218879264329242,22.388458749708153,0.5112973405214736,20.303669007018698
T0+UL,77.0,26503.0,32.0,-52.71442678709397,-61.62883139012299,18.86107699998715,23.133172369242438,0.5051654407950131,20.997124684614796
T0+UL,78.0,22377.0,32.0,-52.38330841784706,-61.65122023210717,18.293500892597223,22.0914315091624,0.49965856597776437,20.192466200879814
T0+UL,79.0,27400.0,32.0,-52.15199297285428,-61.35117771423324,18.588933832071124,23.05954926901854,0.5020759003930283,20.824241550544834
T0+UL,80.0,23584.0,32.0,-52.01269755212229,-60.79250996901572,18.098779293057714,21.57728505944801,0.4990637601049,19.83803217625286
T0+UL,81.0,27301.0,32.0,-51.817980679351024,-61.045706382419944,18.419408942276704,22.732432411952228,0.5015405908289462,20.575920677114468
T0+UL,82.0,23495.0,32.0,-52.40674346311723,-61.505250492348765,18.382152906329765,21.690137801983646,0.4983392089435676,20.036145354156705
T0+UL,83.0,25852.0,32.0,-52.42216547734778,-61.602424682858604,18.68011766141844,22.393731710852546,0.49803882436940666,20.536924686135492
T0+UL,84.0,23635.0,32.0,-52.38310495069523,-61.33480978031508,18.335324717506133,21.804864718683664,0.5116860465665359,20.0700947180949
T0+UL,85.0,22258.0,32.0,-52.318900841738575,-61.54085015014658,18.28954296341717,21.74669166150984,0.4950768144974318,20.018117312463502
T0+UL,86.0,24722.0,32.0,-52.67880009941352,-61.38290292928105,18.83245373451153,23.006540129698934,0.4903159012598951,20.919496932105233
T0+UL,87.0,22381.0,32.0,-52.13652912157107,-60.83394434831749,18.33291239615106,22.077978475011033,0.4880858646447501,20.205445435581048
T0+UL,88.0,25654.0,32.0,-52.344114789273554,-61.0499800362003,18.266106890992678,21.48139267030324,0.49450454867329563,19.87374978064796
T0+UL,89.0,23907.0,32.0,-51.60627811492679,-60.621774821259734,17.695500756514768,21.158110106158315,0.5024214543657124,19.42680543133654
T0+UL,90.0,21334.0,32.0,-52.363256506098686,-61.26523347063615,17.935731814595364,21.193409776380857,0.4961165157115757,19.56457079548811
T0+UL,91.0,21977.0,32.0,-51.93545745639234,-60.59139651907158,17.850347204616714,20.725004934860117,0.5086035277694803,19.287676069738417
T0+UL,92.0,22015.0,32.0,-51.88970665841814,-60.8713960855622,17.794756146374006,20.907600786908763,0.5060862926161752,19.351178466641386
T0+UL,93.0,27048.0,32.0,-51.53483329870686,-60.8680775390563,17.825125841973133,21.583964157471932,0.5132815611917284,19.704544999722533
T0+UL,94.0,24922.0,32.0,-51.95210632582593,-60.53192472143817,18.069254156005066,21.554694139681878,0.4942913772407511,19.811974147843472
T0+UL,95.0,23485.0,32.0,-51.92259008758038,-60.92797898016886,18.19106491747526,21.71562633857024,0.5012233219244504,19.95334562802275
T0+UL,96.0,25677.0,32.0,-51.98320198348783,-60.8968691603403,18.114815009152373,21.45289447384872,0.4923896752942046,19.783854741500548
T0+UL,97.0,22114.0,32.0,-52.23990199159862,-60.4407590946287,18.294298128699204,21.830430204218867,0.4812421877921959,20.062364166459034
T0+UL,98.0,23666.0,32.0,-51.95447145612103,-60.19169499530886,18.173260680480507,21.704017873404055,0.48953476382189176,19.938639276942283
T0+UL,99.0,24883.0,32.0,-51.97772874434709,-60.956035931633565,18.129676402202016,21.772550649781504,0.49894545269238577,19.951113525991758
T0+UL,100.0,24424.0,32.0,-52.205976562737405,-60.860544749907156,18.330216850720582,21.407687228108962,0.49134702390868823,19.868952039414772
T1+UL,1.0,23390.0,32.0,-33.806053602211286,-39.17630068621207,0.3317839295092481,1.090666093510875,0.8933907461018581,0.7112250115100616
T1+UL,2.0,23781.0,32.0,-34.20187895988066,-39.69863625895887,0.35906616632172733,1.2334080512131629,0.8968878322148222,0.7962371087674451
T1+UL,3.0,23804.0,32.0,-34.36100095012692,-40.37463319295485,0.40342574479339144,1.341307026821846,0.8964917469908061,0.8723663858076187
T1+UL,4.0,27029.0,32.0,-33.58481031334084,-39.19893293105568,0.2892339186979066,1.1014939612352541,0.8972540409378456,0.6953639399665803
T1+UL,5.0,27682.0,32.0,-33.88196511858074,-39.31029950496157,0.2799739404941137,1.117943293243924,0.9031446229277013,0.6989586168690188
T1+UL,6.0,27510.0,32.0,-33.67444591036887,-39.24917480187365,0.2904605539613791,1.110299736806303,0.9029519977872045,0.7003801453838411
T1+UL,7.0,25937.0,32.0,-33.73655855473205,-39.481039493164786,0.23241274896517206,1.015187310909534,0.8970405021374658,0.623800029937353
T1+UL,8.0,27452.0,32.0,-33.77951071318985,-39.79307084824087,0.2798184300066517,1.1574650557553328,0.9004811842027636,0.7186417428809923
T1+UL,9.0,26134.0,32.0,-33.57807736620484,-39.15346743538652,0.3306813473233288,1.1976889509242084,0.9015841238506282,0.7641851491237686
T1+UL,10.0,25344.0,32.0,-33.82129744944548,-39.82732005658,0.31745506326357525,1.1998303191463073,0.8988896586179363,0.7586426912049413
T1+UL,11.0,26150.0,32.0,-33.87248173788446,-39.306533076690734,0.23483748040281335,0.989435415198951,0.8991686229950554,0.6121364478008822
T1+UL,12.0,23033.0,32.0,-34.09879802004449,-40.17795879348456,0.45583285539287804,1.29275356043901,0.8934584967085243,0.874293207915944
T1+UL,13.0,25256.0,32.0,-33.94175659054474,-39.366095148029345,0.4503202246532132,1.1980683382554496,0.8976266833209858,0.8241942814543314
T1+UL,14.0,24259.0,32.0,-33.74411202876565,-39.13610475495192,0.3865475290767771,1.200219242975173,0.896800343370772,0.793383386025975
T1+UL,15.0,22380.0,32.0,-34.22487351027208,-39.67537428880963,0.5917047253030022,1.5048729572341275,0.8928239306301824,1.048288841268565
T1+UL,16.0,25774.0,32.0,-34.1249337167119,-40.238739671122154,0.5593928724279912,1.3881226488035296,0.8985450259291542,0.9737577606157604
T1+UL,17.0,26395.0,32.0,-33.37051721660674,-38.13820326495476,0.29334890882633335,0.9575330584999564,0.8975495167066708,0.6254409836631449
T1+UL,18.0,21356.0,32.0,-35.19038762919441,-41.81963985176838,0.937886046791684,2.0457609477426777,0.8913583809397885,1.4918234972671809
T1+UL,19.0,26353.0,32.0,-34.157425843121835,-39.471494416973734,0.5913922733244207,1.4145929655267617,0.8901183733203678,1.0029926194255911
T1+UL,20.0,20482.0,32.0,-34.89726897788088,-40.64361181015389,0.964296731174999,2.0045788956639172,0.8854696615619557,1.4844378134194582
T1+UL,21.0,25374.0,32.0,-34.023375079847355,-39.16950882830836,0.8280410484716272,1.699826892201597,0.892286179615874,1.2639339703366121
T1+UL,22.0,25803.0,32.0,-34.06068310894504,-40.30605978173207,0.71645006734133,1.6188724884904753,0.8953423824500426,1.1676612779159026
T1+UL,23.0,24135.0,32.0,-35.09267752927753,-41.36313873605606,0.8519314881509101,1.87091332529425,0.8893494733421914,1.3614224067225802
T1+UL,24.0,22741.0,32.0,-35.0571791288338,-41.31946166601704,1.0123008772312119,2.1264784839528126,0.8904282823108344,1.5693896805920122
T1+UL,25.0,25358.0,32.0,-34.387889564126645,-40.128829752765014,0.8926079617152879,1.7568164429848852,0.8875715559140883,1.3247122023500866
T1+UL,26.0,24287.0,32.0,-34.71106515669138,-40.810680581140026,1.158814555301777,2.196772759402005,0.8846168541790648,1.677793657351891
T1+UL,27.0,25770.0,32.0,-34.270331055312184,-39.72724752346102,0.9364964364155068,1.8238295015355517,0.8908319559035014,1.3801629689755293
T1+UL,28.0,27043.0,32.0,-34.48973542566691,-40.19525173813815,0.9211631610637471,1.8119557734298926,0.8872421511195073,1.3665594672468198
T1+UL,29.0,25267.0,32.0,-34.99764703582348,-40.82205563941129,1.321147766706615,2.345519783218131,0.8803352010732152,1.833333774962373
T1+UL,30.0,25531.0,32.0,-35.02147881342509,-41.89763201579719,1.2764876041694,2.3511353263236154,0.8837060639948805,1.8138114652465078
T1+UL,31.0,26891.0,32.0,-34.298207032570126,-40.330958036681956,1.1256174053691337,2.149660472669152,0.8835636269449267,1.6376389390191428
T1+UL,32.0,25625.0,32.0,-34.86104575046446,-40.85365959890681,1.4465466866097798,2.510789897168118,0.8809006641098639,1.9786682918889489
T1+UL,33.0,25891.0,32.0,-35.04060601880545,-41.35239534029988,1.4641621338340887,2.609221833188438,0.8802738213550289,2.0366919835112633
T1+UL,34.0,24314.0,32.0,-35.81554144405658,-42.35322846583634,1.9502905246075355,3.260925409789343,0.8709763733504182,2.6056079671984396
T1+UL,35.0,22894.0,32.0,-35.831695662155475,-42.27988905997412,2.107435639960345,3.4773174163594485,0.8619742976407044,2.7923765281598967
T1+UL,36.0,23905.0,32.0,-35.73189797208938,-42.50300124432388,2.138814190176585,3.6293290428046387,0.8708533593277955,2.884071616490612
T1+UL,37.0,23043.0,32.0,-36.03301815493511,-42.480619359029106,2.109126224268674,3.4911908326318404,0.8610441164296143,2.8001585284502575
T1+UL,38.0,25093.0,32.0,-36.2628727356767,-42.51813622087356,2.813496202041613,4.4422742234345876,0.8544012085937959,3.6278852127381
T1+UL,39.0,26755.0,32.0,-35.97303334576374,-42.82599058351176,2.331367288859308,3.72812933593444,0.8647994580409044,3.0297483123968743
T1+UL,40.0,23615.0,32.0,-36.62732761903206,-43.452497249281464,3.0345830358844075,4.87116526173675,0.8498178937990812,3.9528741488105785
T1+UL,41.0,23450.0,32.0,-37.32028087607833,-44.40868838127756,3.593867781218181,5.6915713786859135,0.8486703438243505,4.642719579952047
T1+UL,42.0,24823.0,32.0,-37.233553904124726,-44.31454754737048,3.798154065242365,5.952990163308845,0.847845930699623,4.875572114275605
T1+UL,43.0,26144.0,32.0,-37.1898785244441,-44.505603862041944,3.6705423873670244,5.744813467855949,0.8445230078206066,4.707677927611487
T1+UL,44.0,22716.0,32.0,-38.44171488539059,-45.40703231163937,4.9556027528873985,7.431372110163596,0.830088465278081,6.193487431525497
T1+UL,45.0,22175.0,32.0,-39.76926186992727,-47.81864050357623,5.77234467808531,8.688363305631395,0.8274024618538821,7.230353991858353
T1+UL,46.0,24641.0,32.0,-39.24409810423024,-47.35963694874434,5.36238657596567,7.937022665759141,0.825021287515777,6.649704620862405
T1+UL,47.0,26083.0,32.0,-38.93854471418073,-47.004804321393124,5.207219360366773,7.820540355364372,0.8330533112171582,6.5138798578655726
T1+UL,48.0,25729.0,32.0,-39.18231577808179,-46.85792269187286,5.615513121670786,8.222619540251841,0.8265528984174119,6.919066330961314
T1+UL,49.0,25080.0,32.0,-39.056451741892374,-45.90540670866027,5.729817239443461,8.337405459378797,0.8164708745881226,7.033611349411129
T1+UL,50.0,24567.0,32.0,-40.825554829433386,-49.18409277469164,6.879124043794974,9.937012652465496,0.814577667138979,8.408068348130236
T1+UL,51.0,23975.0,32.0,-40.89637758670683,-48.93714602692105,7.2025717690540425,10.515587879734115,0.8097100963197237,8.85907982439408
T1+UL,52.0,26358.0,32.0,-40.349201738567544,-48.15057735990755,7.081782386700764,10.299256792692844,0.8067706014758331,8.690519589696805
T1+UL,53.0,26405.0,32.0,-40.09389322335421,-47.86120821309219,6.868396405193124,9.945213269064755,0.8091046965513304,8.40680483712894
T1+UL,54.0,24250.0,32.0,-41.97065315679176,-50.50850667062686,8.335618808549704,11.823844371932998,0.7922585386331241,10.079731590241352
T1+UL,55.0,23935.0,32.0,-42.98101279284826,-52.07240959006631,9.426378324471612,13.512726084557796,0.785720892810382,11.469552204514704
T1+UL,56.0,23241.0,32.0,-43.13954276139106,-52.71272418726618,9.277943987386998,13.309007275562655,0.781628999488986,11.293475631474827
T1+UL,57.0,22787.0,32.0,-42.81403297879328,-51.26010227345528,9.508850630470036,13.401433844824254,0.7687773548258545,11.455142237647145
T1+UL,58.0,24923.0,32.0,-43.67271869155706,-52.649628006999684,9.974591767707098,14.05724065844497,0.7683312422017274,12.015916213076034
T1+UL,59.0,25186.0,32.0,-44.08484804292332,-53.540384328808216,10.721817535431288,15.230323254853525,0.7644655579998515,12.976070395142408
T1+UL,60.0,24353.0,32.0,-44.03281048898584,-54.02631240806881,10.418722120441755,15.151260819413181,0.7640471220137632,12.78499146992747
T1+UL,61.0,24472.0,32.0,-43.4485769319394,-53.33914255687201,10.159438945219073,14.917820094275505,0.7649198904656052,12.538629519747289
T1+UL,62.0,23054.0,32.0,-45.18662251902442,-54.76134662740972,11.736772638580542,16.712742645000713,0.7380489111098549,14.224757641790628
T1+UL,63.0,23944.0,32.0,-44.67119063966218,-54.49033710613734,11.406499912218628,16.16028810340685,0.7476352978024148,13.783394007812738
T1+UL,64.0,22621.0,32.0,-45.2538292151137,-54.785192533039584,11.691132515622758,16.455260135084774,0.7365235668592194,14.073196325353766
T1+UL,65.0,24598.0,32.0,-46.267080487134116,-56.04532559932478,12.633053842720264,17.723211890794065,0.7335222202556648,15.178132866757164
T1+UL,66.0,26628.0,32.0,-45.68751584335689,-55.95417790297254,12.321996425676224,17.547914837677656,0.7353090554698507,14.934955631676939
T1+UL,67.0,21064.0,32.0,-47.609209995418276,-57.745231097929654,13.871760736886332,19.345248046166052,0.6853251830323472,16.608504391526193
T1+UL,68.0,27911.0,32.0,-47.858253763080015,-57.549644927608306,14.594307559191964,20.05810780231918,0.7025430662385507,17.326207680755573
T1+UL,69.0,23257.0,32.0,-47.48654961613678,-57.73222919875481,14.122215594245638,19.663791688159197,0.6998636801923936,16.89300364120242
T1+UL,70.0,23950.0,32.0,-47.743716770960546,-58.57130882184816,14.30926448519394,20.0638599526841,0.6943594824266085,17.18656221893902
T1+UL,71.0,25048.0,32.0,-47.223516160099315,-57.882239921051266,13.837065429247366,19.55118051384011,0.7041392358345956,16.694122971543738
T1+UL,72.0,26590.0,32.0,-47.33040918197431,-57.46484759574159,14.1135354505082,19.4974921847129,0.7026118671700173,16.80551381761055
T1+UL,73.0,25117.0,32.0,-47.89717093830433,-59.180313942305034,14.370548765508499,20.160787556346374,0.7012584934195535,17.265668160927437
T1+UL,74.0,23185.0,32.0,-48.89350462414361,-59.909471912776034,15.055406263827352,20.795915561048368,0.6652055048199597,17.92566091243786
T1+UL,75.0,24965.0,32.0,-48.5432217649723,-58.88996753341422,15.007068660506118,20.699277982082428,0.6608319489599086,17.85317332129427
T1+UL,76.0,25939.0,32.0,-48.15931422326489,-59.2000281035522,14.616558056972579,20.490053765184413,0.6787354785092602,17.553305911078496
T1+UL,77.0,25242.0,32.0,-48.379417218475126,-58.3223816539828,14.872680327242655,20.280116423043033,0.6712356227907654,17.576398375142844
T1+UL,78.0,22820.0,32.0,-48.96294978089128,-59.64248666250838,15.121195259729465,20.676696691481638,0.6525048046393237,17.89894597560555
T1+UL,79.0,26903.0,32.0,-48.3738328267069,-59.1178703575979,15.116657361440826,21.189419044053288,0.6623904238374788,18.153038202747055
T1+UL,80.0,24118.0,32.0,-49.41228745847469,-59.695954900206026,15.819443765411389,21.338801794180156,0.64099301908016,18.579122779795775
T1+UL,81.0,27691.0,32.0,-48.187851392772075,-58.82640931102595,15.061465204784488,20.972795232178534,0.6574710035907637,18.017130218481512
T1+UL,82.0,23924.0,32.0,-49.78362433716239,-60.78430637020911,16.092746699539997,21.61429962575251,0.6286034793115728,18.853523162646255
T1+UL,83.0,23702.0,32.0,-49.39597556082249,-60.242732023057115,15.786780273267542,21.46356960548214,0.6406568911380178,18.62517493937484
T1+UL,84.0,21842.0,32.0,-49.25874572441633,-59.72171987914675,15.484352552544753,20.70921805214916,0.6433055426568276,18.09678530234696
T1+UL,85.0,21386.0,32.0,-49.16981086384912,-60.291427559187966,15.562971202872104,21.24481384041077,0.6310464639014945,18.40389252164144
T1+UL,86.0,25311.0,32.0,-49.52476931238093,-59.51107738108291,15.926045877874818,21.61420672128508,0.6288285575102688,18.77012629957995
T1+UL,87.0,21393.0,32.0,-49.299673486780115,-59.501285915702596,15.611139519755259,21.02573138074395,0.6121347958551758,18.318435450249602
T1+UL,88.0,26203.0,32.0,-49.344807250124035,-60.11384846663941,15.610999622759152,21.04131359029233,0.6251085604405338,18.326156606525743
T1+UL,89.0,23570.0,32.0,-48.694009752641755,-59.30549428217049,15.100247952732738,20.566563146573493,0.6313763107938513,17.833405549653115
T1+UL,90.0,20738.0,32.0,-49.71008499113133,-60.25349287480665,15.53597010130454,20.588260810014184,0.6176569435076513,18.062115455659363
T1+UL,91.0,21433.0,32.0,-49.31017089282749,-59.64414213899144,15.352024236951479,20.336670296017804,0.6294848914652951,17.84434726648464
T1+UL,92.0,21400.0,32.0,-49.24449035524208,-60.245673348195915,15.429362245720123,20.71702554672676,0.6323415735228178,18.07319389622344
T1+UL,93.0,27753.0,32.0,-48.4010977113981,-59.5237314677801,15.001427195280327,20.79750168691195,0.6444928322418404,17.89946444109614
T1+UL,94.0,22034.0,32.0,-49.308513749735404,-59.670047273150786,15.66862246530766,21.206496383187613,0.6160510881502393,18.437559424247638
T1+UL,95.0,23129.0,32.0,-49.10525247085738,-59.916526792051826,15.44308458002755,21.03923313405616,0.6249517773841908,18.241158857041857
T1+UL,96.0,25201.0,32.0,-49.31722673149952,-60.05041945888853,15.739038951642636,21.18175920401054,0.6217749148424249,18.460399077826587
T1+UL,97.0,21971.0,32.0,-49.670700678539546,-59.55497161168472,15.984082489843596,21.2623948218563,0.6020504158063296,18.62323865584995
T1+UL,98.0,23210.0,32.0,-49.4739829061772,-59.57500116202841,15.93728999849128,21.451300129717996,0.5990904636860844,18.694295064104637
T1+UL,99.0,24609.0,32.0,-48.52522178662923,-58.80192745371789,15.174247057630016,20.726469096709337,0.6294298684488264,17.950358077169675
T1+UL,100.0,24393.0,32.0,-49.40764037297914,-60.144059498142205,15.74949074381857,21.16508155021225,0.6114217047816111,18.45728614701541
